id_etudiant,nom,prenom,programme,date_inscription
1,Chauvet,Adélaïde,Médecine,2023-04-04
2,Couturier,Luce,Sciences,2022-04-25
3,Cordier,Cécile,Économie,2023-07-09
4,Guillet,Louise,Médecine,2021-09-15
5,Seguin,Léon,Droit,2024-02-02
6,Guilbert,Geneviève,Médecine,2024-03-22
7,Moreno,Benjamin,Informatique,2023-07-26
8,Deschamps,Simone,Économie,2023-10-07
9,Dijoux,David,Médecine,2023-08-05
10,Payet,Paul,Médecine,2023-08-01
11,Lenoir,Marc,Droit,2024-11-23
12,Renaud,Denise,Médecine,2021-12-31
13,Vidal,Rémy,Médecine,2024-04-27
14,Léger,Léon,Médecine,2021-09-08
15,Nicolas,Célina,Médecine,2024-01-28
16,Cohen,Benjamin,Droit,2024-06-27
17,Texier,Bernadette,Informatique,2025-04-08
18,Gomez,Alexandre,Sciences,2021-08-16
19,Toussaint,Margaud,Sciences,2023-08-15
20,Lamy,Guillaume,Droit,2022-02-13
21,Chrétien,Benjamin,Sciences,2023-09-27
22,Hoarau,Benoît,Sciences,2024-02-10
23,Pelletier,Jean,Médecine,2023-12-07
24,Teixeira,Thibaut,Économie,2024-12-10
25,Peltier,Franck,Droit,2022-12-28
26,Hardy,Victoire,Informatique,2024-04-03
27,Roy,François,Droit,2023-03-23
28,Le Roux,Gabrielle,Médecine,2023-08-25
29,Gaillard,Laure,Droit,2022-12-10
30,Hoarau,Suzanne,Informatique,2025-03-05
31,Legrand,Benjamin,Économie,2023-11-20
32,Humbert,Rémy,Informatique,2021-12-09
33,Ribeiro,Audrey,Médecine,2023-05-13
34,Michaud,Alphonse,Informatique,2023-02-23
35,Chrétien,Cécile,Sciences,2023-10-03
36,Klein,Marc,Économie,2022-10-14
37,Vallet,Arnaude,Informatique,2023-06-03
38,Bertrand,Isaac,Informatique,2024-09-28
39,Lelièvre,Anaïs,Médecine,2023-09-16
40,Le Roux,Michèle,Droit,2021-07-20
41,Colin,Alexandrie,Économie,2022-11-19
42,Leblanc,Benoît,Économie,2021-07-14
43,Normand,Laurence,Informatique,2024-11-04
44,Sanchez,Luc,Droit,2021-11-10
45,Bigot,Roland,Droit,2023-04-23
46,Costa,Martine,Droit,2022-10-05
47,Fernandes,Suzanne,Économie,2021-10-19
48,Lebon,Gabrielle,Sciences,2023-10-11
49,Rey,Éléonore,Informatique,2022-09-26
50,Bègue,Stéphanie,Droit,2022-08-23
51,Reynaud,Maurice,Droit,2021-10-29
52,Maurice,François,Économie,2021-08-05
53,Laine,Honoré,Sciences,2024-06-29
54,Bourgeois,Virginie,Économie,2024-03-15
55,Michaud,Auguste,Sciences,2024-08-04
56,Pascal,Margaux,Droit,2021-10-06
57,Joseph,Zoé,Économie,2024-02-14
58,Lacombe,Philippine,Informatique,2023-04-26
59,Bouvet,Marianne,Sciences,2024-01-27
60,Traore,Daniel,Médecine,2022-10-25
61,Loiseau,Margaud,Sciences,2021-08-17
62,Rodriguez,Catherine,Informatique,2023-10-12
63,Rousset,Claudine,Sciences,2022-02-13
64,Carre,Étienne,Économie,2024-06-20
65,Alves,Laurent,Informatique,2024-09-27
66,Leclerc,Agathe,Médecine,2022-08-08
67,Mary,Clémence,Économie,2023-06-24
68,Dumas,Clémence,Informatique,2022-01-31
69,Techer,Andrée,Médecine,2021-08-04
70,Valentin,Augustin,Médecine,2025-05-21
71,Lebreton,Alex,Informatique,2023-04-23
72,Hubert,Pierre,Informatique,2024-08-09
73,Lambert,Julien,Droit,2023-10-10
74,Breton,Denis,Droit,2023-06-16
75,Brunel,Aurélie,Économie,2022-04-05
76,Pages,Théophile,Sciences,2024-08-06
77,Andre,Louis,Médecine,2022-04-08
78,Lévêque,Maggie,Informatique,2023-09-02
79,Gilbert,Jacqueline,Informatique,2024-11-06
80,Blanc,Astrid,Sciences,2021-07-31
81,Perrin,Julie,Droit,2025-04-03
82,Salmon,Luce,Médecine,2023-11-08
83,Marchal,Alexandrie,Économie,2025-05-25
84,Neveu,Laurence,Sciences,2021-08-19
85,Voisin,Bernard,Sciences,2021-09-29
86,Hebert,Anne,Droit,2024-03-30
87,Roussel,Nathalie,Économie,2024-11-22
88,Gomes,Gabriel,Économie,2024-07-11
89,Ramos,Alexandre,Économie,2023-01-11
90,Vincent,Marianne,Économie,2022-07-22
91,Gay,Paul,Sciences,2024-12-21
92,Rodriguez,Danielle,Droit,2021-10-31
93,Le Roux,Marine,Droit,2022-08-13
94,Bonneau,Benjamin,Droit,2021-10-29
95,Henry,Françoise,Médecine,2021-08-31
96,Lemaire,Jules,Droit,2021-06-30
97,Delattre,Aimé,Droit,2024-05-16
98,Gilles,Lucie,Droit,2025-05-05
99,Reynaud,Céline,Informatique,2021-06-21
100,Marques,Marthe,Économie,2024-04-01
101,Grondin,Élise,Médecine,2022-03-16
102,Lambert,Alphonse,Sciences,2024-12-25
103,Chrétien,Thomas,Économie,2023-12-07
104,Perez,Alexandria,Économie,2021-06-24
105,Potier,Thibaut,Sciences,2024-08-21
106,Klein,Christine,Informatique,2023-10-16
107,Rousset,Anaïs,Droit,2025-01-15
108,Navarro,Bernard,Médecine,2022-04-08
109,Bonnet,Matthieu,Droit,2025-02-26
110,Thierry,Franck,Informatique,2024-05-25
111,Potier,Marcelle,Économie,2023-11-12
112,Delorme,Zoé,Sciences,2023-01-20
113,Robin,Virginie,Économie,2022-04-28
114,Sanchez,Martine,Économie,2021-09-01
115,Navarro,Gilles,Économie,2021-11-28
116,Lambert,Marie,Médecine,2023-06-21
117,Perrin,Laurent,Médecine,2025-01-25
118,Lacroix,Henri,Médecine,2023-08-11
119,Berger,Jérôme,Médecine,2023-07-10
120,Fournier,Michelle,Informatique,2024-01-18
121,Marie,Olivie,Droit,2022-08-15
122,Garnier,Robert,Sciences,2024-08-12
123,Guillou,Olivier,Droit,2023-08-21
124,Marin,Frédéric,Médecine,2022-08-31
125,Raymond,Anaïs,Économie,2024-09-17
126,Traore,Timothée,Sciences,2024-06-02
127,Perrier,Nicole,Droit,2023-04-23
128,Ledoux,Joseph,Sciences,2023-12-24
129,Julien,Laurence,Médecine,2023-07-05
130,Le Roux,Philippine,Médecine,2021-12-31
131,Germain,Tristan,Économie,2021-09-24
132,Launay,Caroline,Droit,2022-06-20
133,Monnier,Marc,Économie,2023-09-19
134,Charpentier,Laure,Droit,2021-07-10
135,Laurent,Dorothée,Économie,2022-04-24
136,Nicolas,Marc,Médecine,2024-11-22
137,Nicolas,Aimée,Économie,2024-05-09
138,Blanchard,Lorraine,Informatique,2022-09-24
139,Meunier,André,Médecine,2024-11-22
140,Michaud,Théodore,Informatique,2022-08-31
141,Perrier,Philippe,Économie,2022-03-13
142,Charrier,Alexandrie,Droit,2023-02-07
143,Colas,Théophile,Droit,2021-09-20
144,Lefebvre,Robert,Économie,2024-01-22
145,Diaz,Bertrand,Médecine,2022-09-16
146,Lesage,Jérôme,Informatique,2023-03-16
147,Da Costa,Anne,Informatique,2022-06-06
148,Gillet,Auguste,Médecine,2022-05-20
149,Thierry,Virginie,Sciences,2021-08-14
150,Marchand,Alex,Médecine,2024-08-19
151,Hoarau,Marcel,Informatique,2024-10-31
152,Toussaint,Christine,Droit,2023-10-23
153,Gautier,Thibaut,Économie,2022-10-08
154,Ledoux,Louis,Droit,2023-11-12
155,Gonzalez,Alfred,Économie,2025-03-29
156,Vallée,Lucy,Droit,2024-12-31
157,Henry,Benoît,Sciences,2023-11-02
158,Labbé,Brigitte,Économie,2023-11-12
159,Joubert,Lucie,Médecine,2022-11-01
160,Renaud,Roland,Économie,2021-10-24
161,Jacques,Guillaume,Médecine,2023-04-28
162,Perrot,Marthe,Sciences,2024-12-01
163,Clerc,Margaud,Économie,2022-11-21
164,Simon,Jeanne,Sciences,2024-02-18
165,Ribeiro,Inès,Informatique,2022-10-05
166,Daniel,Alfred,Médecine,2022-03-05
167,Jean,Claire,Informatique,2023-07-14
168,Schneider,Stéphanie,Sciences,2021-12-23
169,Lelièvre,Marine,Économie,2024-08-29
170,Weber,Pénélope,Sciences,2024-10-13
171,Rémy,Henriette,Économie,2021-10-13
172,Poulain,Valentine,Droit,2023-03-17
173,Lagarde,Luc,Sciences,2023-10-02
174,Lacombe,Zacharie,Droit,2022-06-27
175,Faivre,Véronique,Médecine,2024-01-15
176,Fischer,Isaac,Économie,2022-03-28
177,Turpin,Zacharie,Droit,2022-07-15
178,Le Gall,Aurélie,Économie,2024-02-26
179,Potier,Jacques,Économie,2021-10-17
180,Joly,Éric,Sciences,2024-03-17
181,Menard,Nicole,Droit,2021-07-24
182,Gosselin,Françoise,Sciences,2023-06-08
183,Raymond,Suzanne,Informatique,2023-11-18
184,Rousset,Matthieu,Informatique,2024-08-16
185,Launay,Maurice,Informatique,2024-03-16
186,Dupuy,Julien,Économie,2024-08-30
187,Masse,Maurice,Médecine,2024-10-05
188,Rodriguez,Éléonore,Droit,2022-04-16
189,Mallet,Christelle,Médecine,2023-06-28
190,Antoine,Laetitia,Économie,2024-06-02
191,Huet,Sabine,Médecine,2022-02-08
192,Couturier,Thomas,Sciences,2021-08-17
193,Carpentier,Sophie,Informatique,2022-10-08
194,Hamel,Guillaume,Économie,2023-01-16
195,Vincent,Yves,Sciences,2021-08-12
196,Leclercq,Arthur,Droit,2024-05-15
197,Verdier,Susan,Droit,2025-01-17
198,Alves,Alice,Économie,2022-07-03
199,Navarro,Charlotte,Droit,2024-09-10
200,Vaillant,Inès,Informatique,2022-11-11
201,Alexandre,Grégoire,Droit,2022-06-11
202,Lucas,William,Informatique,2021-06-04
203,Masse,Laurence,Droit,2023-07-25
204,Boucher,Christelle,Informatique,2023-06-27
205,Moreno,Lucy,Informatique,2024-07-23
206,Colin,Frédérique,Médecine,2025-01-24
207,Camus,Laure,Sciences,2025-02-13
208,Bailly,William,Informatique,2022-11-19
209,Seguin,Alice,Informatique,2025-01-31
210,Blanchet,Adrienne,Sciences,2023-02-10
211,Dufour,Christelle,Médecine,2021-11-17
212,Poulain,Manon,Médecine,2022-09-09
213,Hoarau,Émile,Droit,2021-06-25
214,Gérard,Élise,Économie,2022-10-12
215,Coulon,Marguerite,Droit,2024-02-12
216,Hebert,Michelle,Médecine,2021-06-04
217,Menard,Manon,Droit,2023-06-20
218,Foucher,Honoré,Médecine,2025-01-09
219,Carre,Éléonore,Médecine,2022-01-27
220,Duhamel,Olivier,Économie,2022-01-28
221,Delaunay,Marine,Économie,2025-05-11
222,Prévost,Louise,Médecine,2025-04-27
223,Pelletier,Jacqueline,Droit,2025-03-24
224,Gosselin,Hortense,Médecine,2024-02-24
225,Bazin,Anastasie,Informatique,2024-04-16
226,Rocher,Denise,Médecine,2021-09-01
227,Legendre,Émile,Économie,2023-06-25
228,Verdier,Victor,Économie,2025-03-10
229,Maillet,Charlotte,Informatique,2024-01-22
230,Raynaud,Aimée,Sciences,2021-10-25
231,Samson,Arthur,Droit,2024-11-23
232,Gautier,Élisabeth,Sciences,2022-10-18
233,Brunet,Isaac,Informatique,2022-12-06
234,Godard,Matthieu,Économie,2021-11-22
235,Pascal,William,Sciences,2025-02-12
236,Cousin,Christiane,Informatique,2023-05-07
237,Petit,Zacharie,Informatique,2021-06-09
238,Petit,Danielle,Sciences,2021-12-13
239,Chrétien,Augustin,Informatique,2024-03-22
240,Hardy,Édouard,Économie,2021-09-25
241,Cousin,Josette,Droit,2021-11-12
242,Bourgeois,Arnaude,Informatique,2023-07-16
243,Pires,Claudine,Médecine,2024-07-13
244,Da Costa,Jeannine,Médecine,2023-07-20
245,Girard,Georges,Médecine,2021-07-05
246,Bouchet,Xavier,Sciences,2023-02-07
247,Fontaine,Christiane,Droit,2024-12-21
248,Dumont,Susanne,Économie,2021-06-05
249,Auger,François,Sciences,2023-07-04
250,Legros,Michelle,Sciences,2022-08-04
251,Morvan,Georges,Économie,2023-03-19
252,Dias,Daniel,Sciences,2024-06-13
253,Renault,Paul,Médecine,2023-06-20
254,Courtois,Nicole,Droit,2023-07-01
255,Jourdan,Lorraine,Sciences,2024-04-08
256,Bernard,Michèle,Droit,2024-06-10
257,Deschamps,Charles,Informatique,2021-09-20
258,Fleury,Virginie,Médecine,2024-10-23
259,Rousseau,Christiane,Médecine,2021-10-20
260,Lagarde,Maurice,Droit,2024-10-15
261,Pires,Claudine,Économie,2023-05-26
262,Rey,Maggie,Droit,2024-12-12
263,Collin,Louise,Droit,2025-02-21
264,Gilbert,Augustin,Droit,2025-04-01
265,Rodriguez,Élodie,Sciences,2021-12-18
266,Noël,Maryse,Économie,2024-07-31
267,Guyot,Andrée,Informatique,2023-05-27
268,Goncalves,Chantal,Droit,2024-04-12
269,Gilles,Margaux,Droit,2023-09-21
270,Lelièvre,Renée,Sciences,2022-02-05
271,Schmitt,Alix,Sciences,2024-10-03
272,Ledoux,Manon,Droit,2024-04-17
273,Fernandez,Augustin,Sciences,2021-07-17
274,Sanchez,Christine,Économie,2021-11-05
275,Tessier,Jeanne,Médecine,2023-04-04
276,Clément,Édouard,Économie,2022-01-20
277,Launay,Andrée,Médecine,2023-11-20
278,Auger,Renée,Sciences,2024-10-20
279,Langlois,Susanne,Économie,2022-09-05
280,Hamon,Gérard,Informatique,2025-02-01
281,Gonzalez,Roger,Informatique,2023-05-29
282,Lejeune,Philippe,Médecine,2022-12-21
283,Laurent,Laure,Économie,2022-03-31
284,Gimenez,Lucas,Économie,2023-05-17
285,Seguin,Patrick,Droit,2023-06-21
286,Bourdon,Jérôme,Informatique,2024-01-10
287,Moulin,Joseph,Informatique,2022-07-12
288,Colas,Nicole,Économie,2021-10-08
289,Dijoux,Jeannine,Sciences,2024-10-29
290,Gros,Édith,Informatique,2021-06-25
291,Blanc,Alain,Droit,2023-02-25
292,Ferrand,Denise,Médecine,2024-08-16
293,Payet,Anastasie,Droit,2022-03-25
294,Georges,Capucine,Droit,2025-03-03
295,Lévêque,Diane,Médecine,2024-06-05
296,Hamon,Pénélope,Sciences,2024-06-06
297,Lévêque,Caroline,Droit,2024-10-27
298,Pichon,Alain,Économie,2023-10-27
299,Neveu,Denis,Sciences,2021-11-13
300,Monnier,René,Droit,2025-02-28
301,Laroche,Stéphane,Droit,2021-07-27
302,Ruiz,Alfred,Médecine,2021-12-27
303,Vallée,Christophe,Médecine,2025-05-22
304,Lenoir,Philippe,Sciences,2022-12-12
305,Labbé,Céline,Sciences,2023-08-31
306,Baron,Timothée,Économie,2023-11-01
307,Gérard,Léon,Informatique,2021-07-10
308,Pineau,Constance,Sciences,2024-04-28
309,Pages,Catherine,Économie,2024-10-27
310,Boulanger,Simone,Informatique,2022-04-04
311,Laporte,Paul,Informatique,2022-05-13
312,Perez,Amélie,Informatique,2024-10-06
313,Pascal,Michelle,Sciences,2021-09-30
314,Rossi,Laurent,Droit,2024-10-06
315,Rousseau,Éric,Informatique,2024-08-01
316,Blanchard,Océane,Médecine,2025-02-01
317,Loiseau,Agathe,Économie,2024-03-26
318,Lévêque,Capucine,Médecine,2024-07-06
319,Diallo,Marianne,Médecine,2022-08-09
320,Rolland,Maggie,Informatique,2021-11-19
321,Auger,Victoire,Sciences,2024-12-21
322,Noël,Franck,Économie,2024-12-05
323,Lefèvre,Danielle,Droit,2021-08-21
324,Bertin,Michel,Sciences,2023-02-14
325,Jean,Nicole,Sciences,2023-02-19
326,Chauvin,Noémi,Économie,2021-07-29
327,Renault,Monique,Économie,2024-10-01
328,Denis,Nath,Informatique,2025-01-02
329,Becker,Émile,Sciences,2025-02-01
330,Wagner,Maryse,Sciences,2023-03-31
331,Normand,Noémi,Économie,2022-03-16
332,Leclerc,Audrey,Droit,2024-02-01
333,Pruvost,Mathilde,Informatique,2022-11-22
334,Dupont,Joseph,Économie,2024-04-03
335,Gay,Maurice,Économie,2025-04-02
336,Rocher,Paulette,Sciences,2023-12-11
337,Dumont,Jérôme,Sciences,2023-03-22
338,Petitjean,Sylvie,Informatique,2021-10-04
339,Blin,Simone,Économie,2025-02-07
340,Paris,Marthe,Médecine,2024-07-10
341,Bailly,Émilie,Sciences,2022-03-18
342,Alves,Léon,Économie,2025-02-22
343,Camus,Laetitia,Économie,2025-01-21
344,François,Matthieu,Droit,2024-11-02
345,Jean,Timothée,Économie,2021-08-05
346,Léger,Susan,Médecine,2023-11-09
347,Grenier,Françoise,Informatique,2024-10-09
348,Vincent,Richard,Sciences,2023-05-27
349,Bègue,Isabelle,Économie,2024-08-02
350,Reynaud,Nath,Droit,2023-11-04
351,Lopes,Alexandre,Droit,2022-11-24
352,Perret,Marianne,Droit,2022-02-14
353,Perrier,Cécile,Droit,2024-08-03
354,Delannoy,Noël,Économie,2022-05-27
355,Fleury,Renée,Sciences,2025-02-19
356,Benoit,Clémence,Économie,2022-02-04
357,Robin,Théophile,Sciences,2021-11-21
358,Berthelot,Marie,Informatique,2024-07-06
359,Guillaume,Maggie,Sciences,2024-12-01
360,Peron,Julien,Économie,2023-08-27
361,Blanchard,Noël,Droit,2023-02-05
362,Dupuis,Lucas,Économie,2024-01-18
363,Dijoux,Valentine,Médecine,2021-10-29
364,Georges,Chantal,Médecine,2024-05-28
365,Bertin,Diane,Sciences,2024-10-23
366,Colas,Benoît,Droit,2024-01-20
367,Meyer,Guillaume,Médecine,2021-06-01
368,Fabre,Céline,Économie,2024-04-11
369,Lemaître,Manon,Informatique,2022-11-12
370,Lopez,Luc,Droit,2023-03-01
371,Perret,Jules,Économie,2023-03-01
372,Camus,Stéphanie,Médecine,2024-04-12
373,Duval,Alexandrie,Économie,2022-03-04
374,Toussaint,Jacques,Médecine,2023-02-19
375,Pons,Tristan,Médecine,2022-06-28
376,Munoz,Geneviève,Économie,2025-05-16
377,Pasquier,Agathe,Sciences,2023-12-01
378,Jacques,Pénélope,Droit,2023-06-27
379,Marques,Agnès,Sciences,2022-06-27
380,Rivière,Caroline,Droit,2024-04-23
381,Duhamel,Paulette,Médecine,2024-05-09
382,Perrier,Éléonore,Droit,2023-05-19
383,Didier,David,Médecine,2023-09-20
384,Pages,Guy,Informatique,2023-07-05
385,Perrier,Dominique,Économie,2024-10-23
386,Texier,Gabrielle,Sciences,2025-05-10
387,Torres,Vincent,Médecine,2022-02-25
388,Fernandes,Adrienne,Sciences,2025-03-25
389,Barbier,Lucas,Informatique,2022-11-24
390,Le Roux,Antoinette,Médecine,2022-06-17
391,Mercier,Nath,Économie,2025-01-16
392,Weiss,Antoine,Médecine,2021-07-17
393,Legrand,Susan,Informatique,2024-12-14
394,Leblanc,Matthieu,Informatique,2024-11-18
395,Raymond,Michel,Sciences,2022-01-25
396,Moreno,Jérôme,Droit,2022-02-05
397,Rousseau,Dorothée,Économie,2021-06-04
398,Maillet,Denise,Médecine,2024-10-12
399,Le Gall,Claude,Médecine,2025-04-15
400,Baudry,Alice,Médecine,2022-06-29
401,Guillon,Philippine,Droit,2022-12-04
402,Faure,Gilbert,Sciences,2021-12-08
403,Maury,Guillaume,Sciences,2024-04-29
404,Coulon,Paul,Droit,2022-06-01
405,Lesage,Éléonore,Sciences,2025-02-09
406,Dijoux,Thierry,Informatique,2021-06-29
407,Pruvost,Éléonore,Sciences,2021-09-03
408,Fleury,Adèle,Informatique,2022-03-02
409,Monnier,Marianne,Sciences,2022-05-19
410,Aubry,Lorraine,Informatique,2021-12-28
411,Ramos,Michel,Informatique,2024-07-30
412,Hebert,Marthe,Informatique,2021-07-12
413,Gay,Jules,Médecine,2021-11-09
414,Grenier,Hortense,Sciences,2022-08-23
415,François,Joseph,Médecine,2024-01-20
416,Garnier,Grégoire,Sciences,2024-10-29
417,Ruiz,Thibaut,Informatique,2024-10-04
418,Étienne,Claire,Médecine,2022-03-05
419,Chevallier,Stéphanie,Informatique,2023-07-22
420,Leleu,Élise,Médecine,2022-07-17
421,David,Isaac,Économie,2022-09-05
422,Blanchet,Christelle,Économie,2021-06-16
423,Simon,Guy,Économie,2023-10-14
424,Roussel,Stéphane,Économie,2021-12-10
425,Clément,Alphonse,Droit,2024-01-23
426,Loiseau,Christine,Droit,2022-11-09
427,Marin,Michel,Médecine,2023-07-09
428,Marques,Maurice,Économie,2024-05-29
429,Munoz,Frédéric,Économie,2021-09-07
430,Le Roux,Thérèse,Droit,2025-03-25
431,Petit,Léon,Droit,2022-08-10
432,Weiss,Anaïs,Sciences,2022-08-18
433,Bègue,Vincent,Sciences,2023-12-14
434,Peltier,Adrien,Droit,2021-06-01
435,Mathieu,Denis,Informatique,2021-09-05
436,Maury,Éric,Économie,2023-05-20
437,Carre,Adélaïde,Médecine,2024-08-06
438,Chrétien,Aimée,Informatique,2024-05-14
439,Charpentier,Honoré,Médecine,2024-05-15
440,Germain,Alphonse,Médecine,2025-04-08
441,Seguin,Alfred,Médecine,2024-11-17
442,Costa,Susanne,Informatique,2022-05-04
443,Noël,Gilles,Médecine,2021-07-29
444,Lacombe,Étienne,Droit,2022-04-20
445,Hervé,Éléonore,Informatique,2024-08-22
446,Neveu,Josette,Sciences,2023-05-02
447,Toussaint,Adèle,Droit,2025-02-25
448,Deschamps,Margot,Informatique,2025-04-10
449,Alves,Joseph,Sciences,2021-10-31
450,Chevallier,Gilbert,Informatique,2024-12-19
451,Fouquet,Édouard,Médecine,2024-05-14
452,Benard,Diane,Droit,2024-07-13
453,Antoine,Alex,Économie,2023-03-19
454,Julien,Hortense,Médecine,2022-09-12
455,Munoz,Noémi,Informatique,2024-01-19
456,Marin,Suzanne,Informatique,2024-09-27
457,Masse,Manon,Droit,2024-03-20
458,Hoarau,Antoine,Sciences,2024-09-01
459,Da Silva,Odette,Sciences,2024-05-22
460,Chevallier,Zacharie,Sciences,2023-02-27
461,Vallée,Christelle,Droit,2024-05-13
462,Thibault,Stéphanie,Sciences,2023-01-09
463,Deschamps,Guy,Économie,2024-03-03
464,Hoarau,Marianne,Économie,2024-06-20
465,Barbier,Thierry,Droit,2023-06-08
466,Buisson,Auguste,Sciences,2022-02-22
467,Dupuy,Émile,Sciences,2022-04-06
468,Pottier,Lucie,Économie,2024-02-15
469,Le Gall,Paul,Sciences,2022-01-01
470,Goncalves,Virginie,Informatique,2022-07-15
471,Didier,Grégoire,Médecine,2021-11-19
472,Bertrand,Antoinette,Économie,2022-11-01
473,Grenier,Michelle,Informatique,2022-04-13
474,Gauthier,Raymond,Informatique,2023-06-12
475,Bodin,Catherine,Sciences,2021-06-25
476,Mercier,Antoinette,Médecine,2024-07-14
477,Pires,Julie,Droit,2022-08-21
478,Fernandes,Marine,Sciences,2021-12-23
479,Léger,Emmanuelle,Sciences,2021-10-02
480,Guichard,Marguerite,Médecine,2023-01-25
481,Collin,Isabelle,Informatique,2022-01-08
482,Marion,Dorothée,Économie,2022-03-03
483,Guilbert,Laurent,Économie,2021-10-21
484,Vincent,Pauline,Médecine,2022-07-13
485,Baron,Renée,Sciences,2025-03-17
486,Bonnin,Élise,Informatique,2024-05-25
487,Fontaine,Antoine,Informatique,2021-06-28
488,Lopez,Raymond,Informatique,2021-06-12
489,Bazin,Julie,Sciences,2024-10-19
490,Barthelemy,Rémy,Sciences,2022-02-18
491,Pichon,Robert,Droit,2024-05-18
492,Maréchal,Marcelle,Droit,2021-12-27
493,Muller,Élisabeth,Droit,2023-04-23
494,Léger,Aimé,Médecine,2022-08-09
495,Fernandes,Anouk,Droit,2022-04-21
496,Bernard,Marguerite,Droit,2022-05-04
497,Carre,Margot,Économie,2023-05-18
498,Joubert,Camille,Droit,2023-12-10
499,Le Gall,Denis,Droit,2023-07-28
500,Gérard,Jean,Sciences,2023-12-04
501,Auger,Zacharie,Informatique,2024-03-22
502,Paul,Alfred,Médecine,2022-09-20
503,Pons,Virginie,Sciences,2022-11-16
504,Pierre,Isabelle,Économie,2024-09-19
505,Thomas,Célina,Médecine,2022-06-15
506,Girard,Antoine,Sciences,2023-06-06
507,Teixeira,Jérôme,Médecine,2024-02-23
508,Dias,Aimée,Médecine,2025-01-11
509,Turpin,Adèle,Économie,2023-04-25
510,Carlier,Inès,Informatique,2024-09-04
511,Leroux,Susanne,Économie,2023-05-12
512,Cousin,Anne,Droit,2022-05-26
513,Didier,Henri,Informatique,2023-09-28
514,Noël,Benoît,Informatique,2023-07-23
515,Breton,Adrienne,Informatique,2022-05-22
516,Traore,Frédérique,Médecine,2022-12-21
517,Paris,Alphonse,Droit,2022-01-09
518,Barbier,Anouk,Économie,2023-05-26
519,Barbe,Lucie,Médecine,2024-01-16
520,Pichon,Alix,Droit,2025-04-26
521,Joseph,Laure,Économie,2025-04-20
522,Sanchez,Marc,Sciences,2023-06-23
523,Guérin,Geneviève,Informatique,2024-03-10
524,Robert,Christelle,Économie,2023-01-11
525,Marion,Jacques,Sciences,2025-03-13
526,Perrot,Xavier,Économie,2022-07-20
527,Lefebvre,Léon,Médecine,2021-11-11
528,Pasquier,Charles,Informatique,2021-08-16
529,Legrand,Martin,Économie,2025-03-19
530,Leconte,Bernard,Économie,2025-05-23
531,Hebert,Chantal,Droit,2023-01-11
532,Le Goff,Christelle,Informatique,2021-09-10
533,Navarro,Matthieu,Droit,2022-12-02
534,Blot,Renée,Sciences,2024-11-21
535,Camus,Jeannine,Économie,2022-02-09
536,Imbert,Hélène,Sciences,2024-02-05
537,Dubois,Joséphine,Droit,2024-11-07
538,Fontaine,Hortense,Informatique,2021-06-09
539,Gomez,Alix,Sciences,2022-11-25
540,Labbé,Suzanne,Informatique,2022-03-20
541,Mercier,Susan,Informatique,2021-08-27
542,Gillet,Martin,Médecine,2023-04-27
543,Couturier,Jules,Informatique,2024-02-24
544,Bouvet,Claudine,Médecine,2024-07-08
545,Picard,Louise,Informatique,2021-12-17
546,Étienne,Alice,Médecine,2021-07-30
547,Charles,Corinne,Médecine,2023-07-18
548,Gomes,Gilbert,Informatique,2023-07-15
549,Poirier,Olivie,Économie,2024-07-27
550,Techer,Michelle,Économie,2023-11-16
551,Lenoir,Matthieu,Informatique,2024-09-17
552,Pinto,Lorraine,Médecine,2022-12-23
553,Vasseur,Corinne,Médecine,2021-09-26
554,Nicolas,Benjamin,Droit,2024-04-12
555,Hubert,Amélie,Droit,2023-09-12
556,Albert,Christiane,Sciences,2025-03-24
557,Perrier,Gilles,Économie,2021-09-19
558,Gonzalez,Patricia,Droit,2022-04-13
559,Clément,Constance,Sciences,2023-04-24
560,Gomes,Françoise,Médecine,2023-12-07
561,Parent,Sylvie,Sciences,2024-09-02
562,Marchand,Timothée,Économie,2022-11-30
563,Valette,Pénélope,Informatique,2024-06-25
564,Chevalier,Nicolas,Droit,2022-06-08
565,Delaunay,Denis,Médecine,2023-04-09
566,Gaillard,Noël,Informatique,2023-09-25
567,Toussaint,Zoé,Économie,2022-04-27
568,Seguin,Margaud,Médecine,2024-09-06
569,Rodrigues,Édouard,Médecine,2022-12-14
570,Philippe,Victoire,Droit,2023-07-20
571,Charles,Paul,Droit,2025-04-13
572,Joseph,Aimée,Droit,2023-07-18
573,Morvan,Catherine,Sciences,2025-02-11
574,Roche,Maggie,Sciences,2023-01-28
575,Delattre,Antoine,Informatique,2022-05-11
576,Petitjean,Jérôme,Informatique,2024-10-18
577,Neveu,Philippe,Économie,2021-12-31
578,Pineau,Marie,Sciences,2022-07-22
579,Duval,Odette,Sciences,2025-02-14
580,Salmon,Lorraine,Économie,2024-06-16
581,Guillon,Suzanne,Économie,2024-08-12
582,Bourdon,Vincent,Économie,2023-05-11
583,Caron,Suzanne,Médecine,2024-07-10
584,Bazin,Susanne,Informatique,2021-07-04
585,Poirier,Laetitia,Droit,2023-09-23
586,Boucher,Anaïs,Médecine,2022-10-01
587,Olivier,Christiane,Médecine,2021-09-16
588,Brunet,Christelle,Médecine,2025-03-08
589,Goncalves,Émilie,Médecine,2022-08-08
590,Laporte,Luce,Médecine,2024-08-18
591,Clerc,Patricia,Informatique,2022-05-01
592,Moreno,Capucine,Informatique,2025-04-07
593,Bertin,Vincent,Droit,2021-10-15
594,Dupuis,Célina,Informatique,2024-07-07
595,Klein,Élise,Économie,2021-11-08
596,Garcia,Guy,Informatique,2024-07-15
597,Maillot,Hélène,Sciences,2024-09-14
598,Fleury,Céline,Médecine,2022-06-21
599,Ramos,Emmanuel,Informatique,2023-05-14
600,Baudry,Alix,Économie,2022-08-23
601,Collet,Odette,Économie,2023-08-04
602,Techer,Adèle,Informatique,2024-06-19
603,Weber,Geneviève,Économie,2023-10-12
604,Robert,Aimé,Économie,2025-02-18
605,Hervé,Célina,Informatique,2024-12-24
606,Weber,Olivie,Économie,2023-03-05
607,Mercier,Catherine,Économie,2024-08-14
608,Bègue,Marthe,Médecine,2023-04-13
609,Normand,Marthe,Informatique,2022-06-13
610,Marques,Élise,Sciences,2022-05-01
611,Ferreira,Thibaut,Économie,2023-10-24
612,Poulain,David,Droit,2024-02-14
613,Courtois,Jeannine,Informatique,2021-08-17
614,Dos Santos,Claire,Sciences,2023-11-22
615,Ollivier,Auguste,Sciences,2021-12-12
616,Antoine,Grégoire,Économie,2023-09-14
617,Blanc,Hortense,Informatique,2022-08-04
618,Mathieu,Georges,Sciences,2024-06-05
619,Schneider,Marianne,Sciences,2024-12-08
620,Bourdon,Antoinette,Économie,2025-04-23
621,Rodrigues,Paulette,Sciences,2022-07-10
622,Riou,Claude,Informatique,2025-05-18
623,Ledoux,Georges,Économie,2022-02-10
624,Navarro,Luce,Économie,2024-01-06
625,Picard,Arthur,Informatique,2021-07-14
626,Fontaine,François,Économie,2024-01-12
627,Fernandez,Chantal,Informatique,2021-08-09
628,Humbert,Michel,Économie,2022-02-03
629,Roche,Christophe,Économie,2022-02-28
630,Olivier,Marcelle,Économie,2024-12-10
631,Traore,Roland,Droit,2023-05-30
632,Godard,Jules,Sciences,2021-07-18
633,Besnard,Odette,Économie,2022-10-24
634,Carpentier,Adélaïde,Médecine,2024-08-25
635,Dijoux,Célina,Droit,2022-03-02
636,Evrard,Thibault,Économie,2024-11-02
637,Collin,Agathe,Médecine,2023-01-02
638,Costa,Éric,Économie,2024-01-20
639,Faivre,Camille,Sciences,2021-10-13
640,Gillet,Arthur,Économie,2022-07-30
641,Royer,Adélaïde,Sciences,2023-01-03
642,Lecoq,Laetitia,Économie,2025-05-17
643,Bertrand,Caroline,Informatique,2022-10-20
644,Muller,Juliette,Économie,2022-10-27
645,Berthelot,Jacqueline,Droit,2022-02-20
646,Gomez,Claudine,Économie,2023-03-30
647,Fontaine,Éric,Sciences,2025-03-08
648,Laporte,Alix,Droit,2025-01-27
649,Rey,Margaret,Informatique,2025-02-11
650,Diaz,Dominique,Droit,2025-02-24
651,Carpentier,Christiane,Médecine,2023-04-14
652,Hernandez,Gérard,Économie,2023-10-24
653,Legrand,Gabrielle,Économie,2021-06-17
654,Gomez,Paul,Sciences,2022-02-19
655,Fernandes,Marc,Informatique,2023-01-18
656,Bonneau,Suzanne,Informatique,2023-01-03
657,Adam,Paul,Médecine,2023-12-30
658,Buisson,Alain,Droit,2024-11-29
659,Neveu,Noémi,Sciences,2023-08-22
660,Schmitt,Robert,Informatique,2021-11-25
661,Gillet,Gérard,Sciences,2023-11-17
662,Denis,Margot,Informatique,2023-07-19
663,Giraud,Alexandrie,Droit,2022-02-04
664,Hervé,Pierre,Sciences,2025-02-27
665,Payet,Élise,Sciences,2023-09-27
666,Meyer,Patrick,Informatique,2021-05-26
667,Weiss,Olivier,Médecine,2023-10-04
668,Marchal,Victoire,Informatique,2024-08-25
669,Colas,Guy,Économie,2024-11-16
670,Michel,Sylvie,Droit,2021-10-17
671,Poulain,Théophile,Économie,2023-02-25
672,Lemaire,Marie,Économie,2025-05-03
673,Ollivier,Sophie,Économie,2024-12-05
674,Salmon,Victoire,Informatique,2024-02-21
675,Duhamel,Aurélie,Informatique,2022-04-28
676,Morel,Georges,Économie,2021-10-16
677,Boyer,Alfred,Économie,2024-12-02
678,Gay,Margot,Sciences,2022-01-11
679,Clément,Astrid,Sciences,2024-08-21
680,Olivier,Joseph,Sciences,2024-09-18
681,Maurice,Eugène,Économie,2022-11-29
682,Jacques,Maggie,Économie,2023-05-08
683,Ramos,Arthur,Économie,2022-09-29
684,Berthelot,Raymond,Sciences,2021-06-23
685,Brunel,Théodore,Médecine,2022-02-20
686,Camus,Margot,Sciences,2023-01-29
687,Perret,Dominique,Informatique,2022-06-21
688,Lopez,Chantal,Sciences,2021-09-18
689,Bouvier,Augustin,Informatique,2024-10-08
690,Gallet,Jérôme,Informatique,2024-03-12
691,Torres,Françoise,Économie,2025-01-16
692,Letellier,Émilie,Droit,2022-10-03
693,Lemaître,Aimé,Médecine,2023-12-02
694,Besnard,Noémi,Médecine,2023-06-07
695,Evrard,Isabelle,Informatique,2023-02-08
696,Julien,Jacques,Médecine,2024-08-05
697,Boucher,Théodore,Informatique,2024-03-16
698,Bourdon,Jacques,Économie,2022-08-05
699,Philippe,Amélie,Sciences,2024-09-25
700,Carpentier,Véronique,Droit,2024-02-02
701,Moulin,Margaux,Sciences,2023-11-25
702,Garcia,Daniel,Économie,2024-10-31
703,Gilles,Élodie,Sciences,2022-06-24
704,Samson,Camille,Droit,2025-01-19
705,Berger,Laure,Économie,2024-04-07
706,Bonneau,Maurice,Droit,2024-09-12
707,Parent,Nathalie,Droit,2023-02-17
708,Clerc,Célina,Économie,2024-07-18
709,Couturier,Renée,Sciences,2022-03-22
710,Le Roux,Marthe,Sciences,2024-07-19
711,Henry,Luc,Économie,2023-05-14
712,Lamy,Suzanne,Économie,2023-08-08
713,Dos Santos,André,Sciences,2021-05-26
714,Robin,Philippe,Sciences,2023-05-12
715,Bailly,Marianne,Droit,2022-06-03
716,Barthelemy,Vincent,Économie,2022-03-27
717,Dubois,Audrey,Informatique,2023-04-04
718,Aubry,Bertrand,Sciences,2024-01-16
719,Wagner,Sylvie,Médecine,2023-06-02
720,Maillet,Laurent,Droit,2024-05-09
721,Albert,Jacques,Sciences,2022-03-06
722,Mendès,Arthur,Sciences,2024-10-09
723,Valette,Cécile,Droit,2023-05-16
724,Prévost,Noël,Médecine,2022-05-02
725,Pereira,Stéphane,Économie,2024-03-09
726,Maillard,François,Sciences,2022-09-03
727,Perrin,Henriette,Informatique,2021-09-10
728,Guibert,Marianne,Médecine,2024-11-29
729,Laurent,Charles,Droit,2022-12-09
730,Laporte,Laure,Économie,2024-09-11
731,Pascal,Aurore,Médecine,2021-12-01
732,Vaillant,Olivie,Informatique,2022-03-17
733,Lagarde,Margot,Droit,2022-10-15
734,Payet,Jules,Sciences,2024-05-27
735,Verdier,François,Économie,2022-10-15
736,Bertin,Adrien,Informatique,2024-03-24
737,Guillot,David,Informatique,2024-06-18
738,Marin,Corinne,Informatique,2021-06-03
739,Meunier,Claudine,Droit,2024-01-18
740,Carlier,Claudine,Sciences,2022-01-18
741,Brunel,Hortense,Médecine,2021-08-02
742,Rossi,Yves,Informatique,2024-03-20
743,Marchal,Michelle,Médecine,2024-06-21
744,Pierre,Étienne,Droit,2022-10-03
745,Devaux,Éric,Droit,2022-03-10
746,Guyon,Guy,Médecine,2022-08-21
747,Benoit,Agnès,Sciences,2022-04-21
748,Hubert,Alex,Sciences,2021-10-03
749,Valette,Valérie,Sciences,2023-08-23
750,Leclerc,Stéphane,Médecine,2023-01-15
751,Regnier,Adrien,Informatique,2024-10-24
752,Guillaume,Sylvie,Médecine,2023-07-22
753,Dupré,Édouard,Sciences,2021-09-24
754,Ribeiro,David,Médecine,2021-12-25
755,Bruneau,Claude,Économie,2023-05-02
756,Guichard,Georges,Informatique,2023-08-29
757,Devaux,Pénélope,Informatique,2024-05-07
758,Lelièvre,Jeanne,Économie,2022-06-27
759,Pons,Virginie,Informatique,2021-10-02
760,Le Gall,Gilbert,Médecine,2021-12-07
761,Barbe,Inès,Médecine,2022-04-28
762,Mary,Hugues,Médecine,2024-03-20
763,Lemaître,Lorraine,Économie,2023-07-12
764,Delannoy,Clémence,Économie,2024-10-18
765,Pages,François,Économie,2023-11-20
766,Noël,Michel,Médecine,2021-10-21
767,Launay,Hugues,Sciences,2022-10-12
768,Laurent,Patricia,Médecine,2021-11-19
769,Legros,Laure,Économie,2024-11-11
770,Besson,Laurence,Informatique,2025-01-21
771,Guillot,Hortense,Économie,2024-06-30
772,Lagarde,Thomas,Informatique,2022-05-12
773,Labbé,Claire,Médecine,2022-08-09
774,Hebert,Grégoire,Droit,2024-09-07
775,Georges,Marthe,Droit,2025-01-22
776,Lenoir,Marine,Sciences,2025-02-18
777,Perez,Isaac,Médecine,2021-10-09
778,Le Gall,Nicole,Droit,2022-05-15
779,Legrand,Sébastien,Économie,2024-02-20
780,Hubert,Aurélie,Sciences,2025-04-16
781,Tessier,Catherine,Droit,2022-01-28
782,Maurice,Élise,Droit,2022-03-25
783,Valentin,Audrey,Sciences,2022-12-22
784,Benard,Jean,Droit,2025-04-28
785,Hervé,Théophile,Économie,2022-06-18
786,De Sousa,Julie,Informatique,2021-09-02
787,Rey,Céline,Médecine,2022-03-15
788,Barbe,Thomas,Sciences,2024-05-10
789,Lecoq,Pénélope,Sciences,2023-05-25
790,Garnier,Luc,Économie,2022-01-10
791,Lebreton,Emmanuel,Informatique,2024-03-25
792,Léger,Geneviève,Sciences,2025-01-27
793,Lelièvre,Bernard,Économie,2023-11-04
794,Pottier,Laurence,Informatique,2023-12-04
795,Weiss,Alix,Sciences,2022-01-12
796,Potier,Claire,Économie,2023-06-29
797,Gallet,David,Économie,2023-02-16
798,Tessier,Claire,Médecine,2024-12-24
799,Lelièvre,Élise,Sciences,2021-06-11
800,Gallet,Gérard,Droit,2021-11-07
801,Legendre,François,Médecine,2023-07-24
802,Aubert,Émilie,Médecine,2024-05-10
803,Leroux,Nicolas,Informatique,2024-11-30
804,Charrier,Françoise,Économie,2024-07-17
805,Techer,Christine,Droit,2024-10-09
806,Lacombe,Adélaïde,Sciences,2021-07-18
807,Barbier,Agathe,Informatique,2023-08-28
808,Mallet,Anaïs,Droit,2025-04-23
809,Masse,Marc,Droit,2022-06-22
810,Vasseur,Adèle,Droit,2022-06-27
811,Pruvost,Alphonse,Informatique,2025-03-01
812,Pichon,Martine,Économie,2021-12-04
813,Meunier,Virginie,Informatique,2023-03-01
814,Garnier,Suzanne,Droit,2024-03-08
815,Grégoire,Margaud,Droit,2025-02-14
816,Guillet,Isaac,Droit,2022-11-25
817,Reynaud,Arnaude,Informatique,2024-04-12
818,Lévêque,Henriette,Sciences,2024-05-18
819,Petit,Dorothée,Sciences,2022-09-05
820,Lejeune,Michèle,Sciences,2022-11-17
821,Godard,Geneviève,Droit,2022-01-20
822,Marie,Hélène,Sciences,2023-11-12
823,Roy,Camille,Économie,2022-05-04
824,Lefebvre,Noémi,Médecine,2021-12-08
825,Marchal,Jeannine,Économie,2024-01-13
826,Parent,Jeannine,Informatique,2021-11-20
827,Breton,Bernadette,Économie,2024-02-01
828,Carpentier,Richard,Droit,2021-11-30
829,Martin,Laure,Droit,2022-06-09
830,Lopez,Dorothée,Sciences,2022-02-18
831,Gay,Louis,Économie,2022-08-06
832,Michaud,Honoré,Droit,2023-04-30
833,Camus,Aurore,Droit,2022-07-27
834,Colin,Maggie,Économie,2022-01-02
835,Collet,Nicole,Sciences,2021-11-11
836,Pires,Patrick,Informatique,2022-07-25
837,Labbé,David,Droit,2024-12-09
838,Besnard,Grégoire,Médecine,2024-02-27
839,Caron,Éric,Économie,2023-01-11
840,Rolland,Sophie,Sciences,2022-05-03
841,Cousin,René,Économie,2021-07-28
842,Collin,Xavier,Médecine,2022-05-21
843,Hamon,Marianne,Droit,2024-10-16
844,Pons,Nicole,Économie,2024-06-04
845,Coulon,Manon,Informatique,2021-07-12
846,Vincent,Yves,Médecine,2023-11-11
847,Guibert,Adrienne,Droit,2025-05-06
848,Pereira,Thierry,Informatique,2021-07-09
849,Robin,Timothée,Sciences,2025-02-23
850,Lebrun,Stéphanie,Informatique,2022-04-22
851,Michel,Olivie,Médecine,2023-05-06
852,Chevalier,Hugues,Informatique,2025-02-05
853,Boutin,Hortense,Informatique,2021-08-15
854,Delattre,Denise,Informatique,2023-04-04
855,Chevallier,Amélie,Médecine,2022-05-25
856,Allain,Susan,Économie,2024-02-20
857,Menard,Simone,Médecine,2022-11-07
858,Boyer,Marthe,Droit,2023-07-24
859,Mercier,Hélène,Économie,2024-05-03
860,Fabre,Thérèse,Économie,2021-07-29
861,Dias,Marc,Médecine,2021-07-18
862,Chevallier,Alfred,Informatique,2024-08-24
863,Charpentier,Philippine,Droit,2023-12-26
864,Blanc,Sabine,Médecine,2021-08-08
865,Faivre,Martin,Économie,2022-10-20
866,Millet,Laurent,Droit,2022-09-27
867,Laroche,Louise,Sciences,2024-03-16
868,Jacquot,Agathe,Droit,2022-11-12
869,Boulay,Clémence,Sciences,2024-09-18
870,Boucher,Benjamin,Économie,2022-05-22
871,Giraud,Alice,Économie,2022-11-07
872,Andre,Claire,Droit,2023-05-01
873,Lecoq,Gabriel,Informatique,2022-12-06
874,Benoit,Claire,Informatique,2021-10-20
875,Pinto,Madeleine,Informatique,2025-04-23
876,Blanc,Gérard,Informatique,2024-08-15
877,Robert,Alexandrie,Économie,2024-06-29
878,Bègue,Daniel,Informatique,2022-09-22
879,Perrier,Thomas,Droit,2022-08-31
880,Grenier,Élisabeth,Informatique,2022-07-20
881,Regnier,Maurice,Sciences,2024-04-13
882,Lucas,Bernard,Sciences,2023-06-04
883,Gilles,Hortense,Médecine,2022-07-26
884,Imbert,Alix,Informatique,2022-11-13
885,Robin,Tristan,Droit,2025-01-09
886,Loiseau,Éric,Droit,2025-01-07
887,Perrin,Susanne,Informatique,2023-10-14
888,Arnaud,Arnaude,Informatique,2025-03-29
889,Dubois,Nathalie,Médecine,2022-06-01
890,Leblanc,Daniel,Sciences,2022-07-03
891,Reynaud,Jeanne,Sciences,2023-12-02
892,Aubert,Laetitia,Économie,2022-11-12
893,Bonneau,Théodore,Sciences,2021-07-19
894,Renaud,Manon,Droit,2024-07-03
895,Guibert,Jules,Économie,2025-03-16
896,Collin,Astrid,Économie,2023-12-30
897,Lemonnier,Benoît,Sciences,2022-04-29
898,Camus,Michelle,Économie,2022-07-11
899,Munoz,Olivier,Sciences,2024-08-07
900,Gomez,Christiane,Informatique,2023-08-08
901,Hoareau,Marianne,Droit,2023-12-25
902,Legrand,Joseph,Sciences,2024-02-09
903,Lemaître,Céline,Économie,2024-03-28
904,Grégoire,Vincent,Médecine,2021-12-23
905,Leleu,Olivier,Médecine,2024-12-02
906,Munoz,Théodore,Économie,2023-06-19
907,Bruneau,Adèle,Informatique,2023-05-26
908,Dumont,Sylvie,Informatique,2023-12-20
909,Weiss,Virginie,Droit,2022-09-12
910,Brunel,Jeannine,Droit,2024-04-10
911,Bertrand,Geneviève,Informatique,2023-09-12
912,Traore,Aimée,Économie,2024-01-08
913,Philippe,Bertrand,Économie,2022-03-25
914,Mathieu,Thierry,Médecine,2024-06-19
915,Brunel,Alexandria,Médecine,2023-06-19
916,Masson,Michel,Médecine,2023-10-19
917,Lagarde,Margaux,Informatique,2022-11-04
918,Roger,Camille,Économie,2025-02-10
919,Blin,Nicole,Sciences,2023-07-16
920,Baudry,Michèle,Médecine,2023-05-30
921,Gauthier,Susan,Informatique,2023-10-21
922,Martineau,Étienne,Économie,2024-01-31
923,Aubry,Rémy,Informatique,2022-07-25
924,Martineau,Stéphane,Droit,2025-03-07
925,Nicolas,Robert,Médecine,2022-12-12
926,Petit,Marianne,Sciences,2023-12-16
927,Bernard,Henriette,Sciences,2021-11-11
928,Roy,Jeanne,Sciences,2024-08-31
929,Schmitt,Clémence,Médecine,2021-09-01
930,Nicolas,Alexandria,Sciences,2021-11-25
931,Brun,Tristan,Droit,2021-06-08
932,Ferreira,Daniel,Médecine,2024-11-18
933,Normand,Christophe,Droit,2024-07-21
934,Weber,Claire,Informatique,2023-10-21
935,Muller,Xavier,Médecine,2022-09-07
936,Baudry,Jacques,Informatique,2024-05-10
937,Martel,Gabrielle,Sciences,2022-05-17
938,Masson,Paulette,Droit,2025-01-22
939,Bazin,Honoré,Économie,2022-06-04
940,Pereira,Franck,Sciences,2022-04-30
941,Bonneau,Bertrand,Économie,2022-11-11
942,Rémy,Éléonore,Économie,2023-04-22
943,Besson,Thibaut,Sciences,2022-02-21
944,Launay,Sébastien,Informatique,2023-08-04
945,Jean,Stéphane,Informatique,2023-06-21
946,Pineau,Adrienne,Économie,2021-06-14
947,Delaunay,Bernadette,Économie,2024-11-06
948,Perrier,Laurent,Économie,2022-11-11
949,Vaillant,Martin,Informatique,2023-12-25
950,Picard,Jacqueline,Économie,2023-06-15
951,Delannoy,Brigitte,Économie,2025-04-16
952,Launay,Roger,Économie,2022-07-04
953,François,Élodie,Droit,2024-12-24
954,Ollivier,Antoine,Économie,2022-01-05
955,Georges,Aurore,Économie,2021-10-07
956,Couturier,Christophe,Économie,2022-12-06
957,Becker,Théodore,Sciences,2022-12-22
958,Laroche,Gilbert,Droit,2023-02-24
959,Gilbert,Mathilde,Économie,2021-08-01
960,Ruiz,Laurent,Sciences,2025-05-09
961,Buisson,Agnès,Droit,2022-12-10
962,Chrétien,Yves,Droit,2022-11-26
963,De Sousa,Sylvie,Droit,2022-12-04
964,Sanchez,Martine,Droit,2022-12-12
965,Lemoine,Alix,Droit,2021-08-31
966,Turpin,Eugène,Économie,2023-08-31
967,Guillet,Arnaude,Économie,2022-04-01
968,Moreno,Colette,Droit,2025-04-26
969,Marie,Élodie,Informatique,2023-07-23
970,Leduc,Benjamin,Informatique,2022-03-07
971,Morin,François,Médecine,2022-02-13
972,Collet,Jeanne,Droit,2024-03-03
973,Tanguy,Hugues,Droit,2023-10-25
974,Camus,Alexandria,Économie,2024-10-19
975,Lecomte,Sébastien,Droit,2023-04-05
976,Guillou,Patrick,Droit,2022-01-28
977,Goncalves,Michelle,Médecine,2021-09-25
978,Martel,Juliette,Médecine,2022-08-18
979,Torres,Alphonse,Médecine,2023-11-22
980,Laroche,Charlotte,Informatique,2024-11-04
981,Morel,Marcelle,Économie,2022-02-19
982,Leduc,Roland,Droit,2025-02-22
983,Blanchard,Alphonse,Droit,2021-08-21
984,Navarro,Nath,Médecine,2022-03-20
985,Martin,Amélie,Économie,2023-10-19
986,Dumas,Bernadette,Médecine,2025-04-24
987,Torres,Lucas,Droit,2024-08-26
988,Bailly,Auguste,Sciences,2021-07-26
989,Gomez,Caroline,Droit,2025-05-16
990,Gillet,David,Médecine,2024-09-22
991,Vasseur,Nathalie,Sciences,2024-09-17
992,Letellier,Frédéric,Économie,2023-07-30
993,Robin,Agathe,Économie,2022-09-08
994,Didier,Adèle,Informatique,2022-09-05
995,Menard,Alexandre,Économie,2021-06-04
996,Lacroix,Augustin,Sciences,2024-05-16
997,Weber,Christophe,Informatique,2024-04-27
998,Leclercq,Franck,Économie,2021-12-29
999,Bouchet,Luc,Droit,2023-02-11
1000,Bonneau,Alphonse,Économie,2022-07-12

